SITE_NAME,AVG_DAILY_CONSUMPTION
0001BB,6.607%
0001BR,5.049%
0001KO,10.447%
0002BB,6.684%
0002BR,8.402%
0002KO,6.963%
0003BB,9.661%
0003BR,5.673%
0003KO,8.532%
0004BB,21.610%
0004BR,7.154%
0004KO,7.849%
0005KO,7.863%
0006BB,10.602%
0006BR,6.231%
0007BB,18.990%
0007BR,15.520%
0007KO,8.233%
0008BB,3.727%
0008BR,4.444%
0008KO,6.203%
0009BB,6.799%
0009BR,5.571%
0009KO,6.648%
0010BB,7.062%
0010BR,6.237%
0010KO,6.205%
0011BB,12.086%
0011BR,7.240%
0011KO,6.678%
0012BB,8.277%
0012BR,8.279%
0012KO,9.311%
0013BB,4.145%
0013BR,8.289%
0013KO,9.035%
0014BR,3.565%
0014KO,8.737%
0015BB,6.345%
0015BR,2.570%
0015KO,13.800%
0016BB,16.251%
0016BR,12.103%
0016KO,10.535%
0017BB,6.439%
0017BR,12.303%
0017KO,15.113%
0018BB,5.557%
0018BR,9.289%
0018KO,6.357%
0019BB,6.309%
0019BR,4.612%
0019KO,14.420%
0020BB,2.465%
0020BR,9.027%
0020KO,5.801%
0021BB,1.924%
0021BR,12.586%
0021KO,6.619%
0022BB,7.269%
0022BR,8.515%
0022KO,11.077%
0023BB,7.557%
0023BR,8.015%
0023KO,13.284%
0024BB,3.923%
0024BR,3.502%
0024KO,13.745%
0025BB,7.599%
0025BR,5.648%
0025KO,3.967%
0026BB,11.342%
0026BR,9.208%
0026KO,7.673%
0027BR,7.755%
0027KO,11.599%
0028BB,16.666%
0028KO,9.729%
0029BB,6.903%
0029BR,6.366%
0029KO,9.651%
0030BB,6.735%
0030BR,9.466%
0030KO,28.410%
0031BB,6.821%
0031BR,4.845%
0031KO,15.347%
0032BB,16.375%
0032BR,7.587%
0032KO,9.972%
0033BB,8.932%
0033BR,6.978%
0033KO,14.783%
0034BB,11.672%
0034BR,10.249%
0034KO,7.733%
0035BB,22.531%
0035BR,5.806%
0035KO,8.246%
0036BB,16.867%
0036BR,6.826%
0036KO,7.835%
0037BB,3.623%
0037BR,56.255%
0037KO,4.141%
0038BB,28.936%
0038BR,7.147%
0038KO,5.228%
0039BB,0.836%
0039BR,10.353%
0039KO,11.507%
0040BB,4.661%
0040BR,5.618%
0040KO,8.172%
0041BR,6.369%
0041KO,11.762%
0042BB,1.127%
0042BR,5.289%
0042KO,3.276%
0043BB,11.813%
0043BR,0.694%
0043KO,14.705%
0044BB,12.739%
0044BR,4.798%
0044KO,10.640%
0045BB,21.057%
0045BR,11.870%
0045KO,16.711%
0046BB,1.969%
0046BR,7.459%
0046KO,6.384%
0047BB,21.809%
0047BR,4.934%
0047KO,4.170%
0048BB,12.387%
0048BR,11.869%
0048KO,0.973%
0049BB,9.142%
0049BR,20.312%
0050BR,15.527%
0050KO,23.878%
0051BB,4.486%
0051BR,6.828%
0051KO,29.369%
0052BR,9.347%
0052KO,7.927%
0053BB,5.176%
0053BR,7.147%
0053KO,7.171%
0054BB,7.918%
0054BR,7.112%
0054KO,11.811%
0055BR,10.285%
0055KO,8.045%
0056BB,101.218%
0056BR,5.643%
0056KO,3.697%
0057BR,6.800%
0057KO,6.540%
0058BR,36.613%
0058KO,14.420%
0059BR,7.106%
0059KO,13.251%
0060BB,4.641%
0060BR,6.060%
0060KO,3.019%
0061BB,6.765%
0061BR,1.411%
0061KO,10.146%
0062BB,3.117%
0062BR,4.053%
0062KO,8.603%
0063BB,10.446%
0063BR,8.570%
0063KO,2.773%
0064BB,10.170%
0064BR,1.868%
0064KO,3.766%
0065BB,6.380%
0065BR,16.378%
0066BB,4.511%
0066BR,4.706%
0067BB,1.406%
0067BR,14.481%
0068BB,1.112%
0068BR,22.776%
0069BB,3.819%
0069BR,1.411%
0070BB,16.871%
0070BR,4.332%
0070KO,5.016%
0071BB,25.083%
0071BR,28.358%
0071KO,2.679%
0072BB,7.124%
0072BR,12.670%
0072KO,8.008%
0073BB,16.924%
0073BR,8.474%
0073KO,13.981%
0074BB,2.636%
0074BR,16.496%
0074KO,49.728%
0075BB,0.000%
0075BR,6.242%
0076BB,0.752%
0076BR,26.903%
0076KO,7.603%
0077BB,8.485%
0077BR,10.034%
0077KO,4.690%
0078BB,23.343%
0078BR,8.111%
0078KO,9.300%
0079BB,1.991%
0079BR,11.349%
0080BB,5.626%
0080BR,10.258%
0080KO,31.762%
0081BB,13.529%
0081BR,4.855%
0081KO,3.481%
0082BB,2.532%
0082BR,25.034%
0082KO,13.821%
0083BB,6.216%
0083BR,9.187%
0083KO,14.338%
0084BR,36.286%
0084KO,18.272%
0085BB,5.457%
0085BR,65.698%
0085KO,5.429%
0086BB,6.825%
0086BR,11.561%
0086KO,5.868%
0087BB,9.804%
0087BR,25.890%
0087KO,8.775%
0088BB,6.803%
0088BR,7.434%
0088KO,7.499%
0089BB,4.482%
0089BR,1.051%
0089KO,39.366%
0090BB,10.852%
0090BR,11.357%
0090KO,11.558%
0091BB,6.901%
0091BR,9.498%
0091KO,18.961%
0092BB,4.437%
0092BR,9.925%
0092KO,8.037%
0093BB,8.968%
0093BR,1.493%
0093KO,12.897%
0094BB,4.544%
0094BR,3.682%
0094KO,8.188%
0095BR,32.000%
0095KO,35.512%
0096BB,10.193%
0096BR,6.020%
0096KO,14.731%
0097BB,10.710%
0097BR,1.019%
0097KO,6.694%
0098BB,5.487%
0098BR,1.703%
0098KO,12.797%
0099BB,14.259%
0099BR,8.670%
0099KO,2.741%
0100BB,1.757%
0100BR,14.341%
0100KO,1.670%
0101BB,2.437%
0101BR,4.279%
0101KO,21.154%
0102BB,11.566%
0102BR,14.175%
0103BB,20.035%
0103BR,18.604%
0103KO,2.820%
0104BR,24.028%
0104KO,7.773%
0105BB,16.821%
0105BR,5.943%
0105KO,26.737%
0106BB,13.691%
0106BR,5.475%
0106KO,26.819%
0107BB,9.118%
0107BR,19.483%
0107KO,23.288%
0108BB,15.348%
0108BR,6.477%
0108KO,13.266%
0109BB,8.481%
0109BR,6.073%
0110BB,16.582%
0110BR,10.640%
0110KO,19.570%
0111BB,16.335%
0111BR,2.480%
0111KO,26.000%
0112BB,5.190%
0112BR,5.708%
0112KO,9.561%
0113BB,0.851%
0113BR,0.498%
0113KO,50.066%
0114BB,13.824%
0114BR,28.074%
0115BB,0.421%
0115BR,4.488%
0115KO,5.802%
0116BB,137.769%
0116BR,30.181%
0117BB,40.694%
0117BR,8.228%
0118BB,2.361%
0118BR,4.257%
0118KO,4.570%
0119BB,24.572%
0119BR,1.683%
0120BB,11.576%
0120BR,19.487%
0120KO,17.185%
0121BR,47.589%
0122BB,19.985%
0122BR,7.640%
0123BB,12.357%
0123BR,18.547%
0124BB,105.755%
0124BR,10.402%
0125BB,20.583%
0125BR,1.110%
0125KO,7.407%
0126BB,6.953%
0126BR,2.975%
0126KO,11.266%
0127BB,1.604%
0127BR,30.997%
0128BB,69.507%
0128BR,2.903%
0128KO,46.331%
0129BB,14.225%
0129BR,5.290%
0129KO,11.064%
0130BB,99.338%
0130BR,7.972%
0130KO,8.515%
0131BB,8.941%
0131BR,12.006%
0131KO,6.526%
0132BR,1.080%
0132KO,10.767%
0133BB,5.832%
0133BR,2.918%
0133KO,9.898%
0134BB,5.116%
0134BR,0.683%
0134KO,5.769%
0135BB,6.927%
0135KO,1.533%
0136BB,12.191%
0136BR,6.680%
0136KO,2.570%
0137BB,2.929%
0137BR,1.386%
0137KO,3.167%
0138BB,1.903%
0138BR,6.587%
0138KO,0.692%
0139BB,14.396%
0139BR,8.493%
0139KO,9.491%
0140BB,12.831%
0140BR,25.319%
0140KO,13.820%
0141BB,14.803%
0141BR,3.186%
0141KO,3.332%
0142BB,0.085%
0142BR,5.153%
0143BB,86.290%
0143BR,1.145%
0143KO,3.688%
0144BB,5.434%
0144BR,2.976%
0144KO,3.385%
0145BB,25.394%
0145BR,20.620%
0146BB,4.508%
0146BR,4.922%
0146KO,3.303%
0147BB,141.421%
0147BR,11.642%
0147KO,4.333%
0148BB,0.044%
0148BR,9.783%
0149BB,9.401%
0149BR,18.397%
0150BB,5.431%
0150BR,3.748%
0150KO,5.341%
0151BB,25.866%
0151BR,39.177%
0151KO,4.067%
0152BB,4.285%
0152BR,8.161%
0152KO,10.504%
0153BB,4.304%
0153BR,24.603%
0153KO,11.140%
0154BB,2.955%
0154BR,16.199%
0154KO,10.389%
0155BB,7.134%
0155BR,6.018%
0155KO,4.250%
0156BB,20.421%
0156BR,16.803%
0156KO,18.569%
0157BB,2.195%
0157BR,2.271%
0157KO,3.277%
0158BB,8.345%
0158BR,11.877%
0158KO,17.792%
0159BR,10.758%
0159KO,14.441%
0160BR,9.620%
0160KO,6.852%
0161BB,0.143%
0161BR,10.511%
0161KO,27.312%
0162BB,6.622%
0162BR,7.128%
0162KO,11.866%
0163BB,4.330%
0163BR,0.021%
0163KO,15.870%
0164BB,69.968%
0164BR,17.758%
0165BB,12.596%
0165BR,10.907%
0166BB,7.128%
0166BR,3.776%
0166KO,25.246%
0167BB,3.273%
0167BR,26.818%
0167KO,3.341%
0168BB,6.721%
0168BR,22.244%
0168KO,6.739%
0169BB,6.567%
0169BR,3.854%
0169KO,3.714%
0170BB,18.018%
0170BR,0.500%
0170KO,8.092%
0171BB,1.184%
0171BR,11.737%
0171KO,9.150%
0172BB,2.841%
0172BR,3.652%
0172KO,1.900%
0173BB,5.624%
0173BR,2.605%
0173KO,0.037%
0174BR,15.439%
0174KO,6.256%
0175BB,1.573%
0175BR,5.148%
0175KO,10.223%
0176BB,24.226%
0176BR,16.129%
0176KO,1.940%
0177BB,2.485%
0177BR,30.392%
0177KO,11.473%
0178BB,0.172%
0178BR,5.055%
0178KO,86.612%
0179BB,8.507%
0179BR,5.215%
0179KO,1.181%
0180BB,0.174%
0180BR,30.853%
0180KO,21.932%
0181BB,4.341%
0181BR,4.240%
0181KO,8.148%
0182BB,7.570%
0182BR,9.165%
0183BB,2.755%
0183BR,2.199%
0184BR,6.192%
0184KO,7.826%
0185BB,3.703%
0185BR,7.650%
0185KO,14.787%
0186BB,1.236%
0186BR,40.047%
0186KO,1.312%
0187BB,7.090%
0187BR,2.422%
0188BB,7.374%
0188BR,4.062%
0188KO,21.712%
0189BB,5.656%
0189BR,3.201%
0190BB,4.546%
0190BR,27.049%
0190KO,10.217%
0191BB,0.214%
0191BR,12.195%
0192BR,7.066%
0192KO,9.304%
0193BB,21.625%
0193BR,1.380%
0193KO,19.884%
0194BB,8.385%
0194BR,7.529%
0194KO,86.634%
0195BB,2.095%
0195BR,8.777%
0195KO,22.525%
0196BB,2.919%
0196BR,9.512%
0197BR,5.140%
0197KO,13.578%
0198BB,4.950%
0199BB,6.339%
0199BR,5.232%
0199KO,10.395%
0200BB,0.476%
0200KO,5.990%
0201BR,10.403%
0201KO,7.796%
0202BR,7.048%
0202KO,7.572%
0203BR,8.510%
0203KO,2.256%
0204BB,36.559%
0204BR,3.877%
0204KO,8.464%
0205BR,5.884%
0205KO,5.740%
0206BR,4.284%
0206KO,9.305%
0207BB,3.690%
0207BR,20.346%
0207KO,4.119%
0208BR,nan%
0208KO,2.109%
0209BB,3.401%
0209BR,4.286%
0209KO,6.863%
0210BR,10.810%
0210KO,15.105%
0211BB,19.169%
0211BR,8.472%
0211KO,28.192%
0212BB,2.567%
0212BR,40.676%
0212KO,10.874%
0213BB,2.606%
0213BR,34.652%
0213KO,8.063%
0214BB,15.384%
0214BR,0.699%
0214KO,11.299%
0215BB,1.687%
0215BR,3.810%
0215KO,3.008%
0216BR,2.119%
0216KO,9.495%
0217BB,53.920%
0217BR,18.892%
0217KO,6.348%
0218BB,12.841%
0218BR,7.471%
0218KO,7.309%
0219BB,0.938%
0219BR,6.505%
0219KO,5.684%
0220BB,5.418%
0220BR,5.888%
0220KO,nan%
0221BR,2.390%
0221KO,25.044%
0222BB,8.015%
0222BR,27.968%
0222KO,0.816%
0223BR,0.952%
0223KO,26.489%
0224BB,1.215%
0224BR,11.980%
0224KO,7.445%
0225BB,5.733%
0225BR,4.150%
0225KO,7.481%
0226BB,5.530%
0226BR,2.427%
0226KO,6.747%
0227BB,62.853%
0227BR,10.050%
0227KO,8.679%
0228BB,7.856%
0228BR,16.514%
0228KO,7.042%
0229BB,13.630%
0229BR,21.452%
0229KO,5.024%
0230BB,6.223%
0230KO,7.353%
0231BB,1.455%
0231BR,7.516%
0231KO,41.268%
0232BB,6.315%
0232BR,44.504%
0232KO,7.165%
0233BB,0.745%
0233BR,9.434%
0233KO,0.231%
0234BB,14.870%
0234BR,3.653%
0234KO,6.888%
0235BB,3.518%
0235BR,7.621%
0235KO,5.394%
0236BB,0.408%
0236BR,4.346%
0236KO,14.417%
0237BB,45.190%
0237BR,55.891%
0237KO,27.621%
0238BB,36.940%
0238BR,15.810%
0238KO,10.218%
0239BB,18.685%
0239BR,3.624%
0239KO,15.183%
0240BB,71.183%
0240BR,5.267%
0240KO,8.987%
0241BR,7.178%
0241KO,28.234%
0242BB,9.267%
0242BR,33.377%
0242KO,11.557%
0243BB,77.580%
0243BR,11.506%
0243KO,26.434%
0244BB,0.666%
0244BR,7.936%
0244KO,4.517%
0245BB,5.808%
0245BR,9.571%
0245KO,14.703%
0246BB,0.095%
0246BR,5.913%
0246KO,2.269%
0247BB,34.595%
0247BR,5.116%
0247KO,14.496%
0248BB,38.081%
0248BR,28.463%
0248KO,10.593%
0249BB,15.402%
0249KO,12.686%
0250BB,4.302%
0250BR,33.414%
0250KO,10.739%
0251BB,4.561%
0251BR,44.074%
0251KO,18.518%
0252BB,9.292%
0252BR,7.295%
0252KO,9.170%
0253BB,3.018%
0253BR,5.166%
0253KO,17.054%
0254BB,41.998%
0254BR,13.029%
0254KO,6.202%
0255BB,11.472%
0255BR,1.909%
0255KO,10.231%
0256BB,4.075%
0256BR,4.739%
0256KO,6.616%
0257BB,7.928%
0257KO,17.565%
0258BB,6.420%
0258BR,6.718%
0258KO,18.360%
0259BB,7.109%
0259BR,15.395%
0260BB,25.215%
0260BR,12.916%
0260KO,5.976%
0261BB,0.000%
0261BR,11.312%
0261KO,9.418%
0262BB,5.898%
0262BR,2.862%
0262KO,6.562%
0263BB,7.185%
0263BR,8.100%
0263KO,9.637%
0264BB,6.758%
0264BR,1.156%
0264KO,9.365%
0265BB,3.916%
0265BR,nan%
0265KO,3.960%
0266BB,36.454%
0266BR,10.129%
0266KO,4.290%
0267BB,4.175%
0267BR,0.380%
0267KO,8.575%
0268BB,14.466%
0268BR,66.680%
0268KO,4.197%
0269BB,21.212%
0269BR,48.153%
0269KO,5.899%
0270BB,7.918%
0270BR,10.878%
0270KO,4.479%
0271BB,6.855%
0271BR,1.862%
0271KO,18.455%
0272BB,19.803%
0272BR,89.341%
0272KO,2.881%
0273BB,9.172%
0273BR,8.338%
0273KO,22.058%
0274BB,9.541%
0274BR,5.522%
0274KO,5.637%
0275BB,1.447%
0275BR,6.819%
0275KO,11.036%
0276BB,5.169%
0276BR,2.126%
0276KO,14.105%
0277BB,4.741%
0277BR,9.698%
0277KO,26.880%
0278BB,20.857%
0278BR,5.139%
0278KO,6.180%
0279BB,4.009%
0279BR,10.974%
0279KO,3.530%
0280BB,36.866%
0280BR,4.531%
0280KO,3.972%
0281BB,4.040%
0281BR,12.571%
0281KO,18.946%
0282BB,16.988%
0282BR,0.747%
0282KO,18.123%
0283BB,14.774%
0283BR,1.385%
0283KO,6.795%
0284BB,2.977%
0284BR,15.359%
0284KO,18.758%
0285BB,8.848%
0285BR,1.783%
0285KO,6.955%
0286BB,0.306%
0286BR,6.318%
0286KO,29.826%
0287BB,7.002%
0287BR,4.341%
0287KO,15.490%
0288BB,3.959%
0288BR,7.221%
0288KO,2.512%
0289BB,6.947%
0289BR,5.366%
0289KO,8.106%
0290BB,6.722%
0290BR,7.114%
0290KO,1.829%
0291BB,12.972%
0291KO,6.176%
0292BB,2.292%
0292BR,7.795%
0292KO,6.853%
0293BB,47.683%
0293BR,12.380%
0293KO,9.210%
0294BB,5.995%
0294BR,6.311%
0294KO,30.068%
0295BB,75.620%
0295BR,5.504%
0295KO,12.095%
0296BB,7.054%
0296BR,1.768%
0296KO,3.933%
0297BB,13.154%
0297BR,6.607%
0297KO,14.740%
0298BB,35.514%
0298BR,9.987%
0298KO,7.385%
0299BB,9.917%
0299BR,5.849%
0299KO,5.764%
0300BB,9.855%
0300BR,2.306%
0300KO,14.791%
0301BB,10.865%
0301BR,5.711%
0301KO,9.174%
0302BB,20.658%
0302BR,13.747%
0303BB,15.577%
0303BR,10.721%
0303KO,2.692%
0304BB,18.032%
0304BR,5.624%
0304KO,9.391%
0305BB,1.092%
0305KO,22.121%
0306KO,1.364%
0307BR,1.854%
0307KO,2.519%
0308BB,2.239%
0308BR,5.497%
0308KO,33.893%
0309BB,1.596%
0309BR,6.507%
0309KO,6.308%
0310BB,11.641%
0310BR,25.042%
0310KO,13.260%
0311BB,11.798%
0311BR,1.928%
0311KO,10.600%
0312BB,2.376%
0312BR,0.590%
0312KO,3.415%
0313BB,1.128%
0313BR,7.710%
0313KO,30.643%
0314BB,3.688%
0314BR,8.605%
0314KO,14.839%
0315BB,17.207%
0315BR,14.705%
0315KO,25.557%
0316BB,10.061%
0316BR,12.728%
0316KO,17.060%
0317BB,20.875%
0317BR,9.135%
0317KO,20.061%
0318BB,28.719%
0318BR,15.397%
0318KO,26.371%
0319BB,10.282%
0319BR,6.197%
0319KO,13.715%
0320BB,1.536%
0320BR,10.178%
0320KO,4.118%
0321BB,2.872%
0321BR,2.403%
0321KO,3.663%
0322BB,11.802%
0322BR,1.471%
0322KO,2.497%
0323BB,7.817%
0323BR,21.284%
0323KO,1.145%
0324BB,6.876%
0324BR,7.378%
0324KO,4.439%
0325BB,30.958%
0325BR,11.508%
0325KO,2.905%
0326BB,0.886%
0326BR,3.795%
0326KO,5.394%
0327BB,0.651%
0327BR,1.065%
0327KO,20.710%
0328BB,3.222%
0328BR,1.623%
0328KO,9.836%
0329BB,85.348%
0329BR,4.923%
0329KO,2.608%
0330BB,22.172%
0330BR,7.170%
0330KO,2.552%
0331BB,1.428%
0331BR,19.222%
0331KO,6.047%
0332BB,7.510%
0332BR,37.184%
0332KO,15.888%
0333BB,13.535%
0333BR,11.324%
0333KO,18.480%
0334BR,13.253%
0334KO,22.460%
0335BB,5.429%
0335BR,9.144%
0335KO,7.563%
0336BB,20.647%
0336BR,7.142%
0336KO,3.719%
0337BB,11.925%
0337BR,0.663%
0337KO,8.416%
0338BB,7.225%
0338BR,4.318%
0338KO,0.145%
0339BB,3.747%
0339BR,50.170%
0339KO,4.040%
0340BB,13.340%
0340KO,10.255%
0341BB,3.755%
0341BR,19.649%
0341KO,19.368%
0342BB,25.800%
0342BR,1.114%
0342KO,4.968%
0343BB,5.853%
0343BR,12.991%
0343KO,10.670%
0344BB,5.084%
0344BR,7.926%
0344KO,11.625%
0345BB,39.200%
0345BR,8.089%
0345KO,8.477%
0346BB,18.311%
0346BR,0.608%
0346KO,9.010%
0347BB,1.591%
0347BR,6.906%
0347KO,6.552%
0348BB,0.453%
0348BR,3.152%
0348KO,5.402%
0349BB,12.689%
0349BR,4.423%
0349KO,4.120%
0350BB,2.972%
0350BR,8.241%
0350KO,12.791%
0351BB,1.185%
0351BR,6.703%
0351KO,12.490%
0352BB,1.112%
0352BR,3.886%
0352KO,4.192%
0353BB,7.645%
0353BR,8.784%
0353KO,1.783%
0354BR,9.570%
0354KO,26.507%
0355BB,5.130%
0355BR,6.972%
0355KO,3.982%
0356BB,22.924%
0356BR,2.013%
0356KO,43.082%
0357BB,14.972%
0357BR,49.625%
0357KO,7.908%
0358BB,0.282%
0358BR,1.383%
0358KO,8.001%
0359BB,21.736%
0359BR,1.809%
0359KO,5.786%
0360BB,20.031%
0360BR,4.103%
0360KO,8.198%
0361BB,7.514%
0361BR,2.226%
0361KO,7.957%
0362BB,10.297%
0362BR,4.035%
0362KO,1.643%
0363BB,36.152%
0363BR,0.851%
0363KO,7.497%
0364BB,1.966%
0364BR,18.142%
0364KO,7.122%
0365BB,17.254%
0365BR,34.055%
0365KO,18.617%
0366BB,4.462%
0366BR,56.731%
0366KO,21.702%
0367BB,0.102%
0367BR,9.488%
0367KO,3.378%
0368BB,13.159%
0368BR,0.216%
0368KO,2.681%
0369BB,36.873%
0369BR,2.936%
0369KO,4.465%
0370BB,15.650%
0370BR,30.662%
0370KO,3.370%
0371BB,14.734%
0371BR,14.398%
0371KO,7.907%
0372BB,7.356%
0372BR,11.402%
0372KO,12.091%
0373BB,3.780%
0373BR,6.332%
0373KO,6.138%
0374BB,2.135%
0374BR,33.185%
0374KO,21.485%
0375BB,9.918%
0375BR,7.958%
0375KO,11.937%
0376BB,12.454%
0376BR,26.022%
0376KO,6.881%
0377BB,2.128%
0377BR,34.411%
0377KO,3.061%
0378BB,9.271%
0378BR,20.249%
0378KO,13.730%
0379BB,6.744%
0379BR,61.997%
0379KO,5.628%
0380BB,0.235%
0380BR,15.648%
0380KO,4.192%
0381BB,2.749%
0381BR,39.679%
0381KO,3.028%
0382BB,9.965%
0382BR,7.868%
0382KO,20.695%
0383BB,11.111%
0383BR,8.245%
0383KO,8.200%
0384BB,2.516%
0384BR,21.935%
0384KO,9.149%
0385BB,13.483%
0385BR,26.650%
0385KO,14.633%
0386BB,9.381%
0386BR,30.388%
0386KO,65.004%
0387KO,4.893%
0388BB,3.506%
0388BR,29.484%
0388KO,8.804%
0389BB,2.331%
0389BR,5.420%
0389KO,2.832%
0390BB,2.234%
0390BR,13.197%
0390KO,7.787%
0391BB,6.095%
0391BR,27.644%
0391KO,20.529%
0392BB,3.090%
0392BR,16.079%
0392KO,10.519%
0393BB,5.915%
0393BR,10.304%
0393KO,18.025%
0394BB,18.868%
0394BR,4.094%
0394KO,14.067%
0395BB,8.917%
0395BR,22.352%
0395KO,3.601%
0396BR,2.812%
0396KO,5.043%
0397BB,12.443%
0397BR,3.139%
0397KO,14.902%
0398BB,23.432%
0398KO,12.564%
0399BB,11.858%
0399BR,1.372%
0399KO,9.181%
0400BB,3.830%
0400BR,7.304%
0400KO,36.365%
0401BB,16.199%
0401BR,2.105%
0401KO,5.306%
0402BB,5.050%
0402BR,8.381%
0402KO,7.195%
0403BB,58.609%
0403BR,22.853%
0403KO,6.882%
0404BB,75.410%
0404KO,8.538%
0405BB,19.634%
0405BR,6.821%
0405KO,16.377%
0406BB,80.960%
0406BR,0.272%
0406KO,17.059%
0407BB,12.764%
0407BR,10.211%
0407KO,40.599%
0408BB,2.808%
0408BR,2.363%
0408KO,7.487%
0409BB,11.666%
0409BR,22.185%
0409KO,2.802%
0410BB,11.168%
0410BR,6.424%
0410KO,11.476%
0411BB,15.248%
0411BR,33.309%
0411KO,5.662%
0412BB,0.352%
0412BR,16.501%
0412KO,17.396%
0413BB,4.640%
0413BR,1.809%
0413KO,7.675%
0414BB,6.305%
0414BR,2.841%
0414KO,11.239%
0415BB,19.092%
0415BR,15.404%
0416BB,28.260%
0416BR,7.392%
0416KO,39.064%
0417BB,2.737%
0417BR,6.617%
0417KO,2.183%
0418BB,6.261%
0418BR,4.402%
0418KO,16.817%
0419BB,36.849%
0419BR,6.514%
0419KO,15.628%
0420BR,14.018%
0420KO,10.072%
0421BB,10.359%
0421KO,14.515%
0422BB,5.231%
0422BR,7.904%
0422KO,12.292%
0423BB,16.865%
0423BR,5.594%
0423KO,21.066%
0424BB,5.447%
0424KO,27.092%
0425BB,4.457%
0425BR,18.742%
0425KO,5.813%
0426BB,23.267%
0426BR,7.859%
0426KO,23.356%
0427BB,24.989%
0427BR,8.685%
0427KO,10.577%
0428BB,2.750%
0428BR,5.976%
0428KO,7.503%
0429BB,7.457%
0429BR,2.295%
0429KO,5.596%
0430BB,7.981%
0430KO,16.404%
0431BB,9.298%
0431BR,2.873%
0431KO,30.465%
0432BB,10.663%
0432BR,3.469%
0432KO,6.612%
0433BB,6.101%
0433BR,7.281%
0433KO,24.843%
0434BB,7.605%
0434BR,47.082%
0434KO,10.112%
0435BB,4.992%
0435BR,12.440%
0435KO,0.440%
0436BB,7.597%
0436BR,25.608%
0436KO,8.946%
0437BB,6.448%
0437BR,5.771%
0437KO,10.847%
0438BB,3.061%
0438BR,1.646%
0438KO,9.299%
0439BB,2.493%
0439BR,11.567%
0439KO,12.539%
0440BB,6.801%
0440BR,16.618%
0440KO,8.080%
0441BB,21.611%
0441BR,5.836%
0441KO,6.944%
0442BB,3.535%
0442BR,3.662%
0442KO,9.790%
0443BB,12.784%
0443BR,8.968%
0443KO,13.277%
0444BB,0.658%
0444BR,22.491%
0444KO,4.141%
0445BB,3.873%
0445BR,2.497%
0445KO,13.725%
0446BB,8.888%
0446BR,6.252%
0446KO,6.413%
0447BB,7.418%
0447BR,0.449%
0447KO,7.237%
0448BB,3.123%
0448BR,3.866%
0448KO,7.165%
0449BB,5.840%
0449BR,3.931%
0449KO,8.409%
0450BB,20.709%
0450BR,7.311%
0450KO,5.434%
0451BB,6.219%
0451KO,9.897%
0452BB,5.708%
0452KO,8.630%
0453BB,6.840%
0453BR,9.349%
0453KO,31.187%
0454BB,4.327%
0454BR,7.749%
0454KO,10.783%
0455BB,1.816%
0455KO,1.908%
0456BB,24.627%
0456BR,6.633%
0456KO,20.584%
0457BB,12.059%
0457BR,3.178%
0457KO,6.388%
0458BB,22.130%
0458BR,0.086%
0458KO,12.794%
0459BB,2.423%
0459BR,13.229%
0459KO,9.044%
0460BB,2.103%
0460BR,0.282%
0460KO,4.721%
0461BB,2.863%
0461BR,3.039%
0461KO,6.036%
0462BB,1.050%
0462BR,10.766%
0462KO,2.354%
0463BB,15.084%
0463BR,24.835%
0463KO,6.604%
0464BB,12.472%
0464BR,43.123%
0464KO,3.078%
0465BB,3.013%
0465BR,16.435%
0465KO,3.223%
0466BB,18.763%
0466BR,29.754%
0466KO,17.108%
0467BB,9.251%
0467BR,9.562%
0467KO,7.506%
0468BR,26.144%
0468KO,8.581%
0469BB,4.898%
0469BR,17.441%
0470BB,4.195%
0470BR,3.821%
0471BB,10.926%
0471BR,37.233%
0472BB,nan%
0472BR,7.543%
0473BB,14.793%
0473BR,19.272%
0473KO,7.771%
0474BB,7.011%
0474BR,2.452%
0474KO,27.359%
0475BB,19.325%
0475BR,10.963%
0475KO,42.929%
0476BB,1.913%
0476BR,4.487%
0476KO,17.334%
0477BB,8.911%
0477BR,10.644%
0477KO,3.419%
0478BB,8.461%
0478BR,0.797%
0478KO,9.168%
0479BB,1.584%
0479BR,2.145%
0479KO,5.757%
0480BB,8.988%
0480BR,25.172%
0480KO,24.630%
0481BR,2.219%
0481KO,32.048%
0482BB,5.871%
0482BR,8.557%
0482KO,21.584%
0483BB,11.281%
0483BR,1.514%
0483KO,11.192%
0484BB,2.745%
0484BR,8.645%
0484KO,9.012%
0485BB,21.012%
0485BR,33.198%
0485KO,4.289%
0486BB,8.879%
0486BR,2.414%
0486KO,19.641%
0487BB,10.789%
0487BR,2.834%
0487KO,24.690%
0488BB,18.005%
0488BR,14.682%
0488KO,13.075%
0489BB,10.291%
0489BR,nan%
0489KO,22.045%
0490BB,9.971%
0490BR,6.328%
0491BB,0.668%
0491BR,3.945%
0492BB,0.440%
0492BR,23.304%
0492KO,12.391%
0493BB,1.198%
0493BR,2.188%
0493KO,12.777%
0494BB,4.203%
0494BR,0.292%
0494KO,17.080%
0495BB,3.799%
0495BR,12.321%
0495KO,14.717%
0496BB,16.466%
0496BR,2.595%
0497BB,31.081%
0497BR,8.492%
0497KO,0.319%
0498BB,8.923%
0498BR,10.909%
0499BB,12.628%
0499BR,8.374%
0500KO,7.968%
0509KO,0.087%
0510BB,17.739%
0519BB,2.028%
0524BR,6.180%
0524KO,5.363%
0529KO,35.213%
0530KO,4.408%
0531BB,15.584%
0531KO,27.733%
0539BB,0.000%
0546BR,81.924%
0547BB,0.000%
0558BB,16.886%
0561BB,16.521%
0561BR,24.321%
0563BB,0.000%
0564BR,13.749%
0567BR,9.270%
0573BB,10.050%
0576BB,5.185%
0576BR,0.452%
0579BB,9.312%
0579BR,38.009%
0580BB,9.688%
0585BR,2.452%
0589BB,3.763%
0590BB,44.601%
0592BB,14.794%
0593BB,119.112%
0596BB,1.923%
0598BB,2.092%
0600BR,14.975%
0600KO,18.690%
0601BR,17.138%
0602BR,5.645%
0602KO,12.375%
0603KO,8.852%
0605BB,18.505%
0605KO,15.429%
0606BB,8.010%
0606KO,54.370%
0608KO,1.544%
0609BR,0.057%
0610BR,0.427%
0611BR,6.351%
0611KO,12.341%
0612BB,8.421%
0613BB,23.900%
0613BR,86.751%
0614BR,23.863%
0614KO,11.585%
0615BB,6.563%
0615BR,7.156%
0615KO,2.032%
0616BB,12.776%
0616BR,39.184%
0617BR,87.123%
0618BR,6.165%
0619KO,24.494%
0620BR,24.851%
0620KO,85.950%
0621BB,141.421%
0621BR,22.202%
0621KO,6.577%
0623BR,27.044%
0624BR,5.377%
0625BR,14.299%
0625KO,3.804%
0626KO,15.105%
0627BR,4.257%
0627KO,5.967%
0628BR,9.843%
0630KO,nan%
0631BR,8.194%
0632BR,13.404%
0632KO,1.310%
0633BR,9.377%
0635BR,22.569%
0636BR,15.671%
0638BR,6.002%
0639BR,4.954%
0641BR,11.434%
0643BR,16.166%
0644BR,16.801%
0645BR,40.448%
0647BR,18.916%
0648BR,63.739%
0649BR,8.322%
0650BR,1.502%
0652BR,19.206%
0654BR,17.269%
0660BR,18.795%
0662BR,21.584%
0663BR,13.343%
0664BR,7.254%
0665BR,0.154%
0666BR,11.453%
0667BR,7.281%
0668BR,9.392%
0670BR,nan%
0671BR,20.891%
0672BR,56.647%
0675BR,2.108%
0679BR,6.513%
0682BR,21.228%
0684BR,21.588%
0688BR,12.497%
0690BR,6.659%
0693BR,57.796%
0694BR,12.027%
0697BR,12.880%
0698BR,15.175%
0699BR,63.518%
0701KO,10.344%
0703BR,81.409%
0705BR,29.851%
0710BR,1.143%
0711BR,21.036%
0712BR,53.700%
0714BR,46.608%
0715BR,8.457%
0717BR,17.225%
0719BR,5.988%
0811BB,9.403%
0998BR,3.507%
0999KO,8.098%
1001BB,3.743%
1001BR,6.572%
1001KO,1.431%
1002BB,60.668%
1002BR,9.337%
1002KO,12.646%
1003BB,21.001%
1003BR,8.849%
1004BB,4.265%
1004BR,2.584%
1004KO,6.298%
1005BB,21.028%
1005BR,5.012%
1005KO,39.434%
1006BB,4.025%
1006BR,6.126%
1007BB,0.184%
1007BR,7.681%
1007KO,22.096%
1008BB,35.138%
1008BR,16.517%
1008KO,24.837%
1009BB,8.361%
1009BR,3.479%
1009KO,13.321%
1010BB,11.855%
1010BR,4.636%
1011BB,7.310%
1011KO,30.620%
1012BB,0.771%
1012BR,8.352%
1012KO,7.068%
1013BR,8.273%
1014BB,20.371%
1014BR,2.733%
1014KO,10.886%
1015BB,9.299%
1015BR,8.447%
1016BB,3.712%
1016BR,2.748%
1016KO,6.914%
1017BB,3.883%
1017BR,10.143%
1017KO,8.690%
1018BB,11.210%
1018BR,1.036%
1018KO,10.615%
1019BB,10.946%
1019BR,7.381%
1019KO,6.212%
1020BB,4.954%
1020BR,7.725%
1020KO,2.998%
1021BB,17.189%
1021BR,1.678%
1021KO,3.372%
1022BB,0.771%
1022BR,0.486%
1022KO,17.966%
1023BB,4.819%
1023BR,6.454%
1024BB,18.847%
1024BR,17.707%
1024KO,11.233%
1025BB,1.623%
1025BR,1.016%
1025KO,5.072%
1026BB,4.964%
1026BR,16.053%
1027BR,51.607%
1027KO,14.455%
1028BB,6.566%
1028BR,24.758%
1028KO,4.336%
1029BB,9.292%
1029BR,2.323%
1029KO,39.291%
1030BB,0.793%
1030BR,6.755%
1030KO,43.488%
1031BB,35.839%
1031BR,55.399%
1032BB,2.959%
1032BR,7.759%
1033BB,3.580%
1033BR,1.337%
1033KO,13.651%
1034BB,15.835%
1034BR,15.938%
1036BB,24.250%
1036BR,39.145%
1036KO,30.036%
1037BB,6.343%
1037BR,6.317%
1037KO,27.318%
1038BB,7.593%
1038BR,9.602%
1038KO,8.007%
1039BB,1.348%
1039KO,42.466%
1040BB,7.471%
1040BR,5.024%
1040KO,8.464%
1041BB,2.860%
1041BR,3.098%
1042BB,2.041%
1042BR,7.264%
1042KO,5.141%
1043BB,4.153%
1043BR,4.676%
1043KO,9.644%
1044BB,18.449%
1044BR,1.571%
1045BB,8.864%
1045BR,4.938%
1045KO,4.362%
1046BB,15.211%
1046BR,3.173%
1047BB,6.719%
1047BR,1.655%
1047KO,3.292%
1048BB,7.047%
1048BR,6.134%
1048KO,4.828%
1049BB,0.044%
1049BR,3.916%
1049KO,9.228%
1050BB,1.191%
1050BR,32.220%
1050KO,8.218%
1051BR,28.035%
1051KO,12.225%
1052BB,7.370%
1052BR,19.805%
1052KO,0.312%
1053BB,5.496%
1053BR,3.106%
1053KO,12.352%
1054BB,14.775%
1054BR,6.711%
1054KO,8.065%
1055BB,43.519%
1055BR,3.352%
1055KO,15.732%
1056BR,13.240%
1056KO,5.116%
1057BR,21.543%
1057KO,38.660%
1058BR,9.191%
1058KO,13.882%
1059BB,3.624%
1059BR,9.453%
1059KO,12.290%
1060BR,1.125%
1060KO,6.311%
1061BB,2.438%
1061BR,5.634%
1062BB,6.823%
1062BR,3.593%
1063BB,53.031%
1063BR,34.476%
1063KO,6.089%
1064BB,65.770%
1064BR,11.590%
1064KO,18.826%
1065BB,7.848%
1065BR,2.643%
1065KO,9.339%
1066BB,8.857%
1066BR,14.564%
1066KO,11.986%
1067BB,3.772%
1067BR,9.021%
1067KO,35.475%
1068BB,9.536%
1068BR,17.298%
1068KO,7.253%
1069BB,5.238%
1069BR,15.362%
1069KO,7.824%
1070BB,0.689%
1070BR,0.649%
1070KO,7.348%
1071BB,27.684%
1071BR,8.764%
1071KO,19.841%
1072BB,1.673%
1072BR,2.312%
1072KO,3.878%
1073BB,0.480%
1073BR,0.612%
1073KO,26.682%
1074BB,2.020%
1074BR,9.308%
1075BR,21.430%
1075KO,6.301%
1076BB,13.201%
1076BR,2.837%
1077BB,10.195%
1077BR,12.327%
1078BB,2.286%
1078BR,18.549%
1079KO,5.455%
1080BB,4.527%
1080KO,5.257%
1081BB,127.881%
1081BR,29.853%
1081KO,13.301%
1082BB,33.416%
1082BR,34.301%
1082KO,9.855%
1083BB,0.364%
1083BR,2.634%
1083KO,10.770%
1084BR,7.675%
1084KO,7.546%
1085BB,18.933%
1085BR,11.597%
1085KO,13.080%
1086BR,6.872%
1086KO,10.765%
1087BB,18.934%
1087BR,6.760%
1087KO,24.471%
1088BR,10.489%
1088KO,56.033%
1089BB,9.138%
1089BR,72.449%
1089KO,7.626%
1090BB,12.056%
1090BR,4.632%
1090KO,3.348%
1091BB,0.076%
1091BR,8.124%
1091KO,3.802%
1092BB,5.110%
1092BR,6.176%
1092KO,4.616%
1093BB,1.309%
1093BR,5.764%
1093KO,33.040%
1094BB,21.681%
1094BR,5.679%
1094KO,0.750%
1095BB,21.973%
1095BR,10.391%
1096BB,12.971%
1096BR,15.633%
1096KO,9.369%
1097BB,0.554%
1097BR,8.654%
1097KO,6.956%
1098BB,5.709%
1098BR,8.599%
1098KO,17.946%
1099BB,4.474%
1099KO,17.677%
1100BB,nan%
1100BR,5.194%
1100KO,15.199%
1101BR,6.884%
1102BB,1.373%
1102BR,11.363%
1102KO,5.599%
1103BR,8.108%
1103KO,8.077%
1104BB,13.237%
1104BR,8.128%
1104KO,15.247%
1105BB,4.677%
1105BR,12.497%
1105KO,10.192%
1106BB,3.673%
1106BR,15.453%
1106KO,nan%
1107BB,69.761%
1107BR,26.813%
1107KO,19.187%
1108BB,18.791%
1108BR,8.419%
1109BB,21.477%
1109BR,8.805%
1109KO,97.405%
1110BB,nan%
1110BR,2.519%
1111BB,15.920%
1111BR,6.692%
1111KO,14.336%
1112KO,13.258%
1113BR,9.558%
1113KO,47.965%
1114BB,35.764%
1114BR,8.090%
1114KO,15.547%
1115BB,3.091%
1115BR,8.322%
1115KO,9.071%
1116BR,17.740%
1117BR,21.808%
1117KO,11.135%
1118BR,8.566%
1118KO,4.052%
1119BB,21.306%
1119BR,17.103%
1119KO,1.329%
1120BB,65.777%
1120KO,32.114%
1121BB,34.273%
1121BR,8.230%
1122BR,4.825%
1123BB,0.000%
1123BR,3.468%
1123KO,5.441%
1125BB,40.472%
1125BR,1.164%
1125KO,25.406%
1126BR,19.088%
1127BR,4.361%
1127KO,11.713%
1128BB,0.688%
1128BR,12.989%
1128KO,12.627%
1129BB,86.144%
1129BR,8.861%
1129KO,67.590%
1130BR,2.682%
1131BB,7.559%
1131BR,5.393%
1132BR,7.027%
1133BR,11.171%
1134BB,2.083%
1134BR,21.447%
1135BR,4.524%
1136BR,17.262%
1136KO,8.798%
1137BR,26.101%
1137KO,41.944%
1138BR,23.980%
1138KO,4.860%
1139BB,27.622%
1139BR,2.578%
1139KO,4.050%
1140BR,10.591%
1140KO,8.729%
1141BR,10.646%
1141KO,5.110%
1142BB,20.433%
1142BR,24.409%
1142KO,0.729%
1143BR,8.692%
1144BB,50.763%
1144BR,2.347%
1144KO,2.263%
1145BR,24.852%
1145KO,6.643%
1146BB,20.519%
1146BR,1.990%
1146KO,6.003%
1147BR,2.295%
1147KO,16.500%
1148BB,21.830%
1148BR,5.160%
1149BR,11.991%
1150BR,7.948%
1150KO,50.534%
1151BB,9.902%
1151BR,2.102%
1151KO,10.453%
1152BB,0.753%
1152BR,4.143%
1152KO,6.589%
1153BB,19.573%
1153BR,2.714%
1153KO,67.631%
1154BB,2.626%
1154BR,77.451%
1154KO,7.185%
1156BB,17.234%
1156BR,3.843%
1157BR,3.007%
1158BR,4.800%
1159BR,12.723%
1159KO,3.593%
1160BR,24.945%
1161BR,7.313%
1161KO,17.407%
1162BR,9.019%
1162KO,14.051%
1163BR,8.157%
1163KO,3.532%
1164BR,9.159%
1164KO,14.123%
1165BR,7.101%
1166BR,10.155%
1166KO,8.924%
1167BR,11.153%
1168BR,6.908%
1169BR,3.012%
1169KO,64.033%
1170BB,nan%
1170BR,2.027%
1171BR,9.213%
1172BR,7.616%
1173BR,14.749%
1175BR,0.487%
1176BR,8.997%
1177BR,6.530%
1177KO,39.697%
1178BR,15.566%
1178KO,83.416%
1179BB,nan%
1179BR,8.064%
1180BR,8.705%
1181BR,7.666%
1182BR,5.728%
1183BR,6.208%
1184BR,3.527%
1185BR,9.679%
1186BR,2.093%
1186KO,24.724%
1187BR,8.436%
1188BR,5.289%
1189BR,19.427%
1190BR,7.072%
1191BR,16.010%
1192BR,2.586%
1193BR,0.558%
1194BR,8.739%
1195BR,10.300%
1197BR,55.177%
1199BR,5.383%
1200BR,3.097%
1202BR,16.764%
1203BR,46.172%
1203KO,nan%
1204BR,28.816%
1205BR,20.221%
1206BR,7.571%
1207BR,14.453%
1208BR,18.018%
1209BR,2.336%
1210BR,4.511%
1211BR,5.413%
1212BR,4.955%
1213BR,15.257%
1214BR,11.608%
1215BR,12.196%
1216BR,14.306%
1217BR,6.576%
1218BR,15.338%
1219BR,17.975%
1220BR,1.308%
1221BR,8.254%
1222BR,0.201%
1223BR,37.833%
1224BR,33.737%
1225BR,29.558%
1226BR,18.033%
1227BR,7.059%
1228BR,8.648%
1230BR,9.516%
1232BR,17.138%
1233BR,11.966%
1237BR,9.687%
1239BR,6.580%
1240BR,8.192%
1242BR,6.123%
1243BR,7.947%
1244BR,6.003%
1245BR,12.082%
1246BR,1.379%
1247BR,4.787%
1248BR,7.647%
1249BR,10.827%
1250BR,11.550%
1251BR,6.179%
1252BR,6.894%
1253BR,9.476%
1254BR,11.978%
1255BR,15.089%
1256BR,14.000%
1258BR,13.444%
1259BR,8.228%
1260BR,24.942%
1261BR,18.195%
1262BR,7.827%
1263BR,2.735%
1264BR,33.814%
1266BR,44.186%
1267BR,5.171%
1269BR,13.027%
1270BR,28.262%
1271BR,3.179%
1272BR,10.085%
1273BR,1.073%
1274BR,6.665%
1275BR,8.126%
1276BR,6.766%
1277BR,6.498%
1279BR,21.095%
1280BR,4.710%
1281BR,21.300%
1282BR,11.017%
1283BR,7.910%
1284BR,3.169%
1285BR,6.158%
1287BR,9.532%
1288BR,6.475%
1289BR,13.894%
1290BR,8.315%
1291BR,20.376%
1292BR,2.007%
1293BR,3.814%
1294BR,15.893%
1296BR,11.619%
1297BR,3.572%
1298BR,15.660%
1300BR,1.416%
1301BR,9.283%
1302BR,0.200%
1304BR,9.497%
1305BR,27.992%
1307BR,2.413%
1309BR,8.127%
1310BR,1.699%
1311BR,7.227%
1312BR,3.357%
1313BR,2.000%
1314BR,57.081%
1315BR,26.766%
1316BR,20.345%
1317BR,5.997%
1319BR,8.559%
1321BR,4.721%
1322BR,nan%
1323BR,5.268%
1324BR,0.370%
1325BR,10.902%
1326BR,nan%
1327BR,19.398%
1328BR,8.998%
1329BR,18.501%
1330BR,3.640%
1331BR,1.377%
1333BR,2.372%
1335BR,0.340%
1336BR,7.812%
1337BR,7.678%
1340BR,24.557%
1341BR,nan%
1343BR,5.665%
1344BR,10.775%
1345BR,33.108%
1346BR,9.724%
1347BR,nan%
1348BR,12.859%
1349BR,1.801%
1350BR,4.407%
1351BR,36.713%
1353BR,6.679%
1355BR,1.149%
1356BR,21.440%
1358BR,11.467%
1359BR,nan%
1363BR,21.729%
1366BR,3.505%
1367BR,nan%
1368BR,3.421%
1370BR,16.399%
1371BR,8.914%
1372BR,77.467%
1373BR,0.790%
1376BR,35.862%
1377BR,1.316%
1378BR,87.190%
1380BR,5.855%
1381BR,46.149%
1383BR,1.441%
1384BR,10.884%
1385BR,2.213%
1386BR,11.847%
1387BR,7.048%
1388BR,91.821%
1389BR,28.497%
1390BR,4.286%
1391BR,1.233%
1392BR,10.767%
1393BR,15.193%
1394BR,112.480%
1395BR,2.320%
1396BR,22.572%
1398BR,nan%
1399BR,6.601%
1400BR,22.654%
1401BR,2.184%
1402BR,4.974%
1403BR,8.162%
1405BR,3.665%
1406BR,5.420%
1409BR,nan%
1410BR,23.744%
1411BR,4.686%
1413BR,14.733%
1414BR,nan%
1415BR,6.534%
1416BR,24.249%
1419BR,0.960%
1421BR,13.706%
1429BR,16.253%
1430BR,9.823%
1432BR,24.491%
1442BR,nan%
1443BR,12.430%
1448BR,8.570%
1449BR,0.000%
1451BR,52.566%
1457BR,17.519%
1458BR,96.642%
1481BR,nan%
1486BR,nan%
1600BR,25.621%
1601BR,11.062%
1602BR,20.301%
1603BR,5.076%
1606BR,18.224%
1607BR,86.460%
1608BR,6.514%
1609BR,30.002%
1610BR,47.359%
1612BR,57.534%
1616BR,4.784%
1617BR,10.306%
1623BR,8.361%
1625BR,40.095%
1632BR,7.163%
1634BR,40.268%
1900BB,0.850%
1902BB,30.472%
1904BB,9.698%
1906BB,15.450%
1907BB,13.385%
1908BB,3.980%
1909BB,62.139%
1910BB,17.881%
1911BB,55.933%
1913BB,9.268%
1914BB,8.599%
1915BB,29.281%
1916BB,10.468%
1917BB,22.899%
1918BB,6.405%
1919BB,2.496%
1920BB,7.438%
1921BB,22.194%
1922BB,10.651%
1923BB,7.266%
1924BB,36.718%
1925BB,13.643%
1926BB,4.731%
1927BB,7.289%
1928BB,13.399%
1929BB,8.915%
1930BB,6.491%
1931BB,17.681%
1933BB,0.166%
1934BB,0.312%
1935BB,2.922%
1936BB,0.000%
1938BB,0.211%
1939BB,3.856%
1940BB,32.385%
1941BB,19.545%
1944BB,0.792%
1945BB,65.733%
1946BB,12.678%
1947BB,47.284%
1948BB,10.981%
1950BB,10.520%
1950BR,2.981%
1951BB,4.289%
1952BB,5.962%
1952BR,nan%
1953BB,6.431%
1953BR,2.719%
1954BB,8.235%
1954BR,10.266%
1955BB,33.228%
1955BR,12.097%
1956BB,0.316%
1956BR,46.905%
1957BB,3.539%
1957BR,1.656%
1958BB,0.425%
1958BR,19.332%
1959BB,48.940%
1959BR,7.652%
1960BB,34.028%
1960BR,2.225%
1961BR,11.942%
1962BB,4.992%
1962BR,22.120%
1963BB,6.351%
1963BR,11.750%
1964BB,20.001%
1964BR,8.452%
1965BB,18.384%
1965BR,11.335%
1966BB,5.161%
1966BR,6.654%
1967BB,12.691%
1967KO,11.302%
1968BB,6.388%
1968BR,9.877%
1968KO,13.768%
1969BB,1.420%
1969BR,0.320%
1970BB,10.449%
1970BR,9.891%
1971BB,46.365%
1971KO,16.583%
1972BB,37.795%
1972BR,8.109%
1972KO,11.907%
1973BB,16.927%
1973BR,12.325%
1973KO,6.471%
1974BB,2.667%
1974BR,13.498%
1974KO,10.484%
1975BB,35.221%
1975BR,5.177%
1975KO,44.754%
1976BB,39.170%
1976BR,8.811%
1976KO,46.792%
1977BB,33.435%
1977BR,7.470%
1977KO,55.390%
1978BB,5.991%
1978BR,5.046%
1978KO,53.398%
1979BB,32.073%
1979BR,5.753%
1979KO,10.090%
1980BB,9.360%
1980BR,11.742%
1980KO,12.562%
1981BB,6.131%
1981BR,4.851%
1981KO,7.354%
1982BB,28.582%
1982BR,12.478%
1982KO,11.393%
1983BB,23.352%
1983BR,10.193%
1983KO,4.012%
1984BB,68.131%
1984BR,5.663%
1984KO,9.549%
1985BB,7.794%
1985BR,7.220%
1985KO,13.359%
1986BB,6.732%
1986BR,6.843%
1986KO,28.512%
1987BB,10.613%
1987BR,35.052%
1987KO,11.664%
1988BB,10.084%
1988KO,10.819%
1989BB,9.370%
1989BR,9.881%
1990BB,6.327%
1990BR,8.030%
1990KO,8.700%
1991BB,7.894%
1991BR,17.638%
1991KO,9.977%
1992BB,6.620%
1992BR,7.802%
1992KO,10.134%
1993BB,9.322%
1993BR,0.677%
1993KO,13.404%
1994BB,6.797%
1994BR,25.470%
1995BR,6.169%
1995KO,10.338%
1996BB,42.148%
1996BR,7.141%
1996KO,13.153%
1997BB,8.561%
1997BR,6.037%
1997KO,11.473%
1998BB,14.602%
1998BR,58.617%
1998KO,12.816%
1999BB,6.134%
1999BR,19.715%
1999KO,9.697%
2001BR,1.711%
2002KO,16.167%
2004KO,17.096%
2006BR,17.734%
2012BB,6.458%
2014BB,29.684%
2017BB,63.532%
2019BB,27.297%
2023BB,1.131%
2025KO,21.497%
2028BB,44.406%
2032BB,78.946%
2037BB,58.832%
2037KO,8.640%
2039BB,6.235%
2040KO,0.204%
2042KO,27.248%
2046BB,22.851%
2048KO,30.681%
2049KO,1.084%
2050KO,4.396%
2054BR,0.996%
2055KO,5.715%
2061BR,5.572%
2062BR,35.438%
2064BB,16.679%
2074BR,1.845%
2075BB,77.079%
2075BR,55.072%
2076BB,4.238%
2076BR,46.155%
2077BR,10.907%
2078BB,42.480%
2078BR,2.236%
2079BR,48.181%
2080BR,14.554%
2082BR,20.328%
2083BR,9.961%
2084BB,11.789%
2086BR,62.550%
2099BB,6.932%
2104BB,5.883%
2106BB,12.630%
2107BB,0.623%
2108BB,1.086%
2111BB,0.585%
2112BB,8.674%
2113BB,32.460%
2116BB,11.237%
2120BB,4.327%
2121BB,25.773%
2123BB,6.980%
4008BR,20.550%
4012KO,nan%
4060BR,103.557%
4351BR,7.095%
4361BR,14.541%
4362BR,10.802%
4365BR,17.243%
4366BR,6.977%
4367BR,21.125%
4368BR,21.816%
4372BB,11.749%
4373BB,4.877%
4376BB,44.326%
4378BB,11.256%
4380BB,13.680%
4391KO,8.113%
4392KO,9.623%
4396KO,16.098%
5006KO,54.420%
5240BB,1.030%
5417BR,18.072%
5425BR,3.478%
7224KO,12.208%
7541BR,17.091%
9503BB,47.273%
9510BB,7.255%
9511BB,nan%
9512BB,3.391%
9513BB,0.377%
9515BB,117.872%
9516BB,1.813%
9517BB,0.056%
9518BB,0.312%
